user_group;username;password;email;first_name;last_name;date_of_birth;phone;tg_name;is_student
;ovchinnikovratmir433;K*%0SAnq7CNT;smirnovisidor@yandex.ru;Викторин;Лаврентьева;2009-02-09;86284567323;@ovchinnikovratmir433;True
;timurivanov1039;ldHM4UfyZ)91;antonovradim@gmail.com;Светозар;Елисеева;2008-07-21;81099069753;@timurivanov1039;True
;vkonovalova4153;&b3!uMTis9QL;epifan20@kastorama.biz;Максимильян;Игнатьев;2004-10-29;82339390705;@vkonovalova4153;True
;evfrosinija19878870;2mG_iUZc%HuB;balekseeva@zatsev.org;Дарья;Кузьмина;2000-09-28;83419684361;@evfrosinija19878870;True
;samsonovapolina5195;%OJe*M!z+7ZB;rodionovazhanna@rao.org;Борислав;Блохин;2000-10-02;89199553576;@samsonovapolina5195;True
;martin876303;S)T7Om1#%3vg;rdementev@hotmail.com;Евграф;Мамонтов;2003-02-02;82593240258;@martin876303;True
;strelkovavalentina1163;!6N#ZfdVy8Jm;pavel1972@rambler.ru;Борислав;Игнатов;2008-04-18;81262307105;@strelkovavalentina11;True
;kolesnikovajulija9745;7H%q5!Uj)tDs;ippolit_1978@mail.ru;Афиноген;Тарасов;2004-08-05;86884512351;@kolesnikovajulija974;True
;zoja922113;+_4XgLchL2Ft;ipat1973@rambler.ru;Амвросий;Сорокина;2006-02-15;86333445465;@zoja922113;True
;viktorija643655;h_Af4zBx&!9T;ilarionbaranov@nekrasova.edu;Антонин;Федосеева;2002-09-14;86762527959;@viktorija643655;True
;blohinajulija6330;Gk6WVEAwL@Db;savvati_1992@npo.edu;Эммануил;Гурьев;2004-12-02;80592782076;@blohinajulija6330;True
;ladislav_175521;U3bb0wgfk#8O;ljudmila_2005@rambler.ru;Матвей;Комаров;2005-02-28;86276002638;@ladislav_175521;True
;valerjannoskov1952;D$4Y!s_j+sNB;izjaslav_99@rambler.ru;Нестор;Матвеева;2008-06-23;83766788234;@valerjannoskov1952;True
;vera_20178779;m171STKw@BQv;selivan2006@yandex.ru;Наркис;Логинова;2003-06-12;84332175884;@vera_20178779;True
;bikovsofron6511;(d@7TW$twOzu;mstislav_1997@rao.net;Яков;Калашникова;2002-11-12;88399412117;@bikovsofron6511;True
;emmanuil19793190;1t00Q54ssQ*A;svetozarloginov@mail.ru;Амвросий;Яковлев;2002-03-23;89699268655;@emmanuil19793190;True
;savelikostin1663;LSe2Fb7$M+(H;prohorgorshkov@shestakov.biz;Потап;Григорьева;2005-01-17;85181532218;@savelikostin1663;True
;potap_19948101;B+*Px!1%M*4x;ippolitshilov@hotmail.com;Тит;Коновалова;2007-07-11;83975194598;@potap_19948101;True
;galina_20082511;qpRy)eyn!0d9;evdokija1986@mail.ru;Ефим;Андреев;2004-08-27;86107564195;@galina_20082511;True
;ferapont_274652;BHhBx*dlrU6*;popovladimir@matveeva.net;Вадим;Мартынова;2004-10-31;84114385701;@ferapont_274652;True
;zatsevairina3729;^b6SVHJf4Qw!;denisovvisheslav@renessans.org;Иларион;Одинцова;2005-02-24;88477952150;@zatsevairina3729;True
;selivan19727635;)1wKgF6C*7#7;kulakovmark@yahoo.com;Мечислав;Шестакова;2004-03-24;83614810428;@selivan19727635;True
;artem20169881;5(_2PA)b)kpD;askoldmorozov@rambler.ru;Епифан;Андреев;2004-05-29;84926780160;@artem20169881;True
;firs98772;qhH^oSlcV!_0;lev_2012@rambler.ru;Емельян;Зуев;2007-05-29;82850665231;@firs98772;True
;gerasim36253;1jUS8%f*@#63;evstigne_91@yandex.ru;Милица;Федотова;2009-01-02;84352853260;@gerasim36253;True
;pahom_803344;7&S6IM(kYN@!;zosima08@yahoo.com;Викентий;Ефимова;2002-07-23;85126847539;@pahom_803344;True
;lapintimofe2505;ybiAW8Rb4TU#;dobromisl02@rao.biz;Дементий;Костина;2001-04-24;84127088749;@lapintimofe2505;True
;ekiselev4976;+&CL5CiulBj1;andre_2005@td.info;Геннадий;Суханова;2007-05-24;86642952117;@ekiselev4976;True
;gremislav19961674;&6&#LWtg4^90;lebedevsolomon@sokolov.com;София;Белоусова;2004-05-31;82516934473;@gremislav19961674;True
;zinovevanonna1852;&Rj1aNvy@c6P;aristarh_1978@mail.ru;Яков;Фокин;2008-07-19;80347317417;@zinovevanonna1852;True
;radovankozlov668;ZfVkVUJp#9lN;jgureva@toaz.org;Кондрат;Герасимова;2002-02-27;84362249071;@radovankozlov668;True
;tvorimir_055124;sOzNN2*s@8Hs;gerasimovilja@yahoo.com;Любомир;Горшков;2001-09-17;87049168245;@tvorimir_055124;True
;fedoseevalukija2133;89K$mnbUSduq;morozovavtonom@rambler.ru;Варвара;Блинов;2003-05-14;83530078122;@fedoseevalukija2133;True
;avtonomsmirnov2361;h2tKwcEe!6$6;ermola_2023@mail.ru;Якуб;Кириллов;2001-06-05;88965143565;@avtonomsmirnov2361;True
;lavrenti_078690;MnkFBbLoz#$5;kolesnikoverast@rambler.ru;Севастьян;Соболева;2003-12-07;88670443461;@lavrenti_078690;True
;mihe_932843;ChSRo%EH(c4P;xkomissarova@mail.ru;Вера;Владимиров;2002-08-16;82572948234;@mihe_932843;True
;evpraksija_1971978;F(7CpV+p#wD8;kulikovipati@yandex.ru;Алевтина;Муравьев;2008-07-20;87287027033;@evpraksija_1971978;True
;nekrasovasvetlana5469;^V+Faff2nk9R;cfokina@ip.org;Изот;Кондратьева;2008-05-27;83779479932;@nekrasovasvetlana546;True
;vladimirovpankrati1298;a21+hg4c#Dsg;jakushevvarfolome@hotmail.com;Викентий;Семенова;2002-04-29;85529099314;@vladimirovpankrati12;True
;alekseevgorde6571;V7!9rOdtke+M;jaropolk_1993@hotmail.com;Фирс;Пахомов;2004-04-24;89150537042;@alekseevgorde6571;True
;mzatsev1721;%4i*QYbi5fGl;bespalovpolikarp@ao.edu;Лукьян;Егорова;2000-08-29;84804081675;@mzatsev1721;True
;praskovja_423366;SSP9!cg@$5rM;florentin2005@npo.net;Ратибор;Петров;2002-11-09;80584618888;@praskovja_423366;True
;sofija_19874707;U&#JLIvs_)7x;demjan_1991@hotmail.com;Азарий;Трофимов;2005-02-24;84288279394;@sofija_19874707;True
;avde_528100;L%9XV2qj^SF(;lavrrodionov@yandex.ru;Вацлав;Суворова;2003-08-28;88913771888;@avde_528100;True
;solovevkonon913;&J2JTo0%72*m;teterinaantonina@mail.ru;Евдоким;Дьячкова;2003-01-18;85486839568;@solovevkonon913;True
;dlarionova5887;ScBSn$W79^7p;unoskov@komos.org;Конон;Красильникова;2003-11-10;88538498302;@dlarionova5887;True
;sofija_175859;H3LPtSsrmOD!;mark70@mail.ru;Терентий;Кошелева;2001-07-17;87923278188;@sofija_175859;True
;kovalevavalerija3576;H6)lOsUdNSI4;vladimirovdorofe@ip.net;Лукия;Меркушева;2008-12-20;85099902437;@kovalevavalerija3576;True
;ljudmila19921707;(vIW8!Njp6ZV;glebsisoev@zao.ru;Евстигней;Горшков;2004-04-23;80560547300;@ljudmila19921707;True
;afinogen364447;!UP4G(s)3Ar*;trifon_1975@rambler.ru;Лаврентий;Пахомов;2008-07-04;85038807246;@afinogen364447;True
;emeljan_137771;#y3cNhrb&11J;aksenovjaroslav@yahoo.com;Леон;Максимова;2003-03-11;80821993080;@emeljan_137771;True
;kkulikova1591;I1gZTWJu7@q3;olimpipanfilov@rambler.ru;Емельян;Громов;2007-02-05;89730698027;@kkulikova1591;True
;efimovafaina6103;3!1WGwn*MSM);pbobilev@rao.info;Силантий;Авдеева;2008-03-17;83673758994;@efimovafaina6103;True
;izjaslavkondratev6669;_3S5uJx7Z(n@;karp_45@yandex.ru;Феофан;Калинина;2006-10-11;83350775046;@izjaslavkondratev666;True
;sofronnosov5761;a09D3fHbK!J&;zhuravlevruslan@mail.ru;Всемил;Хохлов;2004-08-29;87015135617;@sofronnosov5761;True
;jgusev1937;_I6UZj!Hp97p;nosovsigizmund@ip.org;Ферапонт;Наумова;2007-03-31;88471075600;@jgusev1937;True
;anzhelika438647;!N3h*Pzk2elG;fgorshkova@ao.net;Лора;Прохорова;2006-08-14;87797149973;@anzhelika438647;True
;sofron329663;+oc8nFOJ7ztX;leliseev@ooo.org;Севастьян;Максимов;2002-10-24;89172661673;@sofron329663;True
;harlampi724151;&NW)bLuB5FJK;vikenti_52@zao.org;Валентина;Морозов;2008-06-18;89087645521;@harlampi724151;True
;polikarp19747792;Y7)LdhPr@JFU;olimpiada_74@gmail.com;Лазарь;Гуляев;2005-08-07;89550544910;@polikarp19747792;True
;klavdija314168;9GNQGv%zs75#;florentin1978@rao.biz;Владилен;Комиссаров;2005-08-13;85915220828;@klavdija314168;True
;tit_20208000;2Go*6T6qwrkp;filipp_1987@mail.ru;Игорь;Туров;2007-07-23;80919369150;@tit_20208000;True
;ilinaregina6277;!6iMiTR7V3SM;stanislavabramov@zao.com;Адам;Соболева;2007-11-13;83203099573;@ilinaregina6277;True
;sobolevalora1665;KhqQ31EGU%6*;galina01@yandex.ru;Любомир;Лукин;2005-05-04;84455292534;@sobolevalora1665;True
;kudrjavtsevaljubov2684;$41r^B7bSTtp;emil17@rao.net;Евстигней;Овчинникова;2003-03-05;81663403291;@kudrjavtsevaljubov26;True
;novikovaviktorija7104;B(77F+Mv&#w(;gennadi_2013@rao.net;Исай;Гуляев;2007-06-30;82153762568;@novikovaviktorija710;True
;rozhkovmatve2415;Rp7&$rrW%N7M;semen12@hotmail.com;Наина;Русакова;2008-07-19;80260975610;@rozhkovmatve2415;True
;maksimovvatslav1072;74GNjT%cacU(;voronovasinklitikija@yahoo.com;Якуб;Белоусова;2005-01-29;89568799337;@maksimovvatslav1072;True
;bikovaantonina7479;ooTUUA0O@2i@;osip_2012@oao.edu;Модест;Тарасова;2003-09-06;83967209609;@bikovaantonina7479;True
;demiduvarov3572;Oj88IjqYT_F);beljakovairina@belaz-24.org;Варфоломей;Гусева;2005-10-30;82887980769;@demiduvarov3572;True
;anatoli134948;81VhxfCq(igd;ninel2010@ooo.ru;Фотий;Потапов;2008-03-07;85704806116;@anatoli134948;True
;ljubomir556651;c2GqiTKt#&jB;lukinaleksandr@mail.ru;Фирс;Васильев;2002-07-26;82017089908;@ljubomir556651;True
;kornilovemmanuil1031;(j*C3AzWp&Wi;sidorkomarov@vinogradov.org;Татьяна;Матвеев;2002-05-31;82341868938;@kornilovemmanuil1031;True
;kalininmina8858;^5YAeFymLE1%;alina_68@rambler.ru;Руслан;Казакова;2004-10-30;85916312763;@kalininmina8858;True
;modest_007115;&0b!A7&ZFKC9;vladilen02@ooo.com;Тамара;Кудряшов;2000-08-05;86985057649;@modest_007115;True
;stojan_781992;c$l7KXgdp#D4;platonilin@hotmail.com;Эраст;Горшков;2007-02-27;89034190636;@stojan_781992;True
;fominavalerija9914;e7QhKtna+swB;gedeon_1997@rao.edu;Сократ;Филиппов;2001-06-17;88996819630;@fominavalerija9914;True
;sidorovatatjana8047;%$UTU(Qg6E&h;romanovvladlen@oao.info;Селиван;Кошелева;2007-03-31;82087360846;@sidorovatatjana8047;True
;askold_19935239;x)w##Nx&Ni8E;ostap_21@gmail.com;Виктория;Титов;2005-05-20;83624798238;@askold_19935239;True
;belovviktor2090;0y1WySs9%5^A;kondrati76@hotmail.com;Каллистрат;Марков;2005-10-18;84159558879;@belovviktor2090;True
;konstantin19878248;!wvBg0ZSZ00t;novikovnarkis@gmail.com;Будимир;Третьякова;2001-01-26;86490846385;@konstantin19878248;True
;baranovlev4399;@HxtpjKkU1gM;anikita2014@mail.ru;Валентина;Доронин;2004-09-30;83404454405;@baranovlev4399;True
;xlarionova1775;)^HrybHz78Bs;milovan1973@rambler.ru;Эрнест;Пестова;2009-04-13;86658159867;@xlarionova1775;True
;isa20154258;^@WljJGoZ4L+;ignatifomichev@novorossiski.net;Алла;Петухов;2002-01-29;85920413796;@isa20154258;True
;ljubosmisl442428;o_81tnYoOp(w;kudrjashovakira@rambler.ru;Наркис;Зимин;2009-02-03;84894150278;@ljubosmisl442428;True
;kazakovmartin2742;!VdRo4djf2lx;simon1997@rambler.ru;Пахом;Жукова;2002-05-13;84618854898;@kazakovmartin2742;True
;ivanovnikifor4591;TU)8T9zHAQ0v;muravevlongin@hotmail.com;Вера;Орлова;2005-09-07;81285354377;@ivanovnikifor4591;True
;mironovvarlaam5111;#O$4TzOfU_Bu;antip_91@yandex.ru;Венедикт;Шестакова;2007-02-19;82949822256;@mironovvarlaam5111;True
;ershovprokofi3970;@CUTQ6CkRw3t;qvinogradov@gruppa.biz;Герман;Григорьева;2005-12-28;86871941789;@ershovprokofi3970;True
;jan_19984834;q2P)_3CiYl3S;antonin_1996@yarche.ru;Савва;Белякова;2006-01-28;80085122015;@jan_19984834;True
;kazimir20192322;$G5f$Cdc@#r^;dshestakova@yandex.ru;Оксана;Лапин;2009-02-25;83628091920;@kazimir20192322;True
;fokinsofon5782;QY1HwH043S^%;platon_2016@hotmail.com;Самуил;Мельникова;2008-07-30;87610432063;@fokinsofon5782;True
;shirjaevalekse6706;r*8I9pEVpcKg;hristofor_2005@rao.edu;Галактион;Владимиров;2005-11-22;89967308645;@shirjaevalekse6706;True
;kuprijan_19808294;%um$Me%7Q8qB;foma_1984@psk.edu;Модест;Дорофеев;2006-10-08;89919008052;@kuprijan_19808294;True
;tatjana_282598;_qM^KbWzm2C6;sorokinviktor@rao.biz;Филимон;Самсонова;2000-08-17;80692192858;@tatjana_282598;True
;sobolevafekla3836;i%54(UQoUY5j;ermil_33@dorofeev.com;Ия;Потапова;2003-06-21;82505887508;@sobolevafekla3836;True
;lev_902593;07#(Z)x(A)p5;feliks_18@oao.biz;Акулина;Зуева;2007-04-15;84175210443;@lev_902593;True
;doroninmstislav6686;8gMbhlum&0no;nesterovpahom@antonov.org;Глеб;Миронов;2007-10-23;86164962229;@doroninmstislav6686;True
;merkushevjakov5679;J97YmccDEMD*;natantsvetkov@rao.org;Харитон;Осипова;2002-08-01;81793243963;@merkushevjakov5679;True
;aksenovemeljan475;wQHKWwoNu5+_;evseevdobroslav@baranov.biz;Ефим;Щербаков;2004-04-17;88470072272;@aksenovemeljan475;True
